url,date_added
https://www.brnoexpatcentre.eu/newsletter/,2023-12-01
https://www.brnoexpatcentre.eu/author/,2023-12-01
https://www.brnoexpatcentre.eu/im-an-expat/useful-links-and-mobile-applications/useful-apps/,2023-12-01
https://www.bam.brno.cz/literatura,2023-12-01
https://www.bam.brno.cz/architekt,2023-12-01
https://www.bam.brno.cz/umelec,2023-12-01
https://www.brno.cz/mestske-organizace,2023-12-01
https://mzm-en.pano3d.cz/,2023-12-01
https://mk.gov.cz/,2023-12-01
https://www.redhat.com/en,2023-12-01
https://objednani.brno.cz/,2023-12-01
https://www.mkcr.cz/,2023-12-01
https://www.brno-stred.cz/kalendar-akci,2023-12-01
https://www.proverenoseniory.cz/,2023-12-01
https://www.mpsv.cz/,2023-12-01
http://www.mvcr.cz,2023-12-01
https://www.cssz.cz/,2023-12-01
https://moravska-galerie.cz/elementor,2023-12-01
https://www.jcmm.cz/en/,2023-12-01
https://cosedeje.brno.cz/brnensky-metropolitan,2023-12-01
https://www.brno.cz/nabidka-majetku,2023-12-01
https://edeska.brno.cz/eDeska/,2023-12-01
https://gis.brno.cz/,2023-12-01
https://www.webarchiv.cz/,2023-12-01
https://www.giftsfrombrno.cz/,2023-12-01
https://www.brnoexpatcentre.eu/blog/page/,2023-12-01
https://gis.brno.cz/,2023-12-01
https://www.ndbrno.cz/en/herec/,2023-12-01
https://www.ndbrno.cz/herec/,2023-12-01
https://mapy.cz/,2023-12-01
https://divadlo.net/brno/akce?zanr=alternative,2023-12-01
